,,,,,,,,,,,,,,,,,,,,,,,,,,,,,,,,,,,,,,,,,,,,,,,,,,28.51,,,,,,,,,,,,,,,,,,,,,,,,,,,,,,,,,,
,,,,,,,,,,,,,,,,,,,,,,,,,,,,,,,,,,,,,,,,,,,,,,,,28.88,28.78,28.71,28.7,28.5,,,,,,,,,,,,,,,,,,,,,,,,,,,,,,,,
,,,,,,,,,,,,,,,,,,,,,,,,,,,,,,,,,,,,,,,,,,,,,,,,29.2,29.1,29.1,29.0,28.6,28.51,,,,,,,,,,,,,,,,,,,,,,,,,,,,,,,
,,,,,,,,,,,,,,,,,,,,,,,,,,,,,,,,,,,,,,,,,,,,,,,,29.42,29.39,29.3,29.2,29.0,28.8,28.6,,,,,,,,,,,,,,,,,,,,,,,,,,,,,,
,,,,,,,,,,,,,,,,,,,,,,,,,,,,,,,,,,,,,,,,,,,,,,,29.55,29.52,29.48,29.36,29.29,29.08,28.59,,,28.52,28.79,28.6,28.67,,,,,,,,,,29.0,29.04,,,29.11,29.12,29.33,,,,,,,,,
,,,,,,,,,,,,,,,,,,,,,,,,,,,,,,,,,,,,,,,,,,,,,,,29.66,29.63,29.49,29.46,29.24,29.13,28.83,28.58,28.59,28.81,29.05,29.18,29.06,28.9,28.75,28.79,28.84,28.88,28.92,,,29.12,29.48,29.42,29.34,29.17,29.29,29.7,29.6,29.17,,,,,,,,
,,,,,,,,,,,,,,,,,,,,,,,,,,,,,,,,,,,,,,,,,,,,,,29.8,29.75,29.61,29.57,29.45,29.33,29.21,29.11,29.05,29.06,29.18,29.31,29.42,29.4,29.37,29.32,29.26,29.21,29.25,28.99,28.94,28.99,29.5,29.76,29.79,29.82,29.75,29.87,29.98,29.84,29.62,,,,,,,,
,,,,,,,,,,,,,,,,,,,,,,,,,,,,,,,,,,,,,,,,,,,,,,29.86,29.72,29.68,29.55,29.52,29.4,29.28,29.31,29.32,29.33,29.35,29.49,29.5,29.57,29.6,29.58,29.63,29.67,29.62,29.47,29.41,29.56,29.78,29.94,30.05,30.09,30.01,30.12,30.09,30.09,29.97,,,,,,,,
,,,,,,,,,,,,,,,,,,,,,,,,,,,,,,,,,,,,,,,,,,,,,29.96,29.82,29.77,29.64,29.6,29.48,29.46,29.45,29.37,29.38,29.49,29.52,29.53,29.67,29.65,29.67,29.72,29.76,29.84,29.78,29.74,29.79,29.84,29.95,30.11,30.22,30.25,30.28,30.28,30.27,30.14,30.13,,,,,,,,
,,,,,,,,,,,,,,,,,,,,,,,,,,,,,,,,,,,,,,,,,,,,29.92,29.9,29.85,29.71,29.58,29.55,29.52,29.51,29.4,29.42,29.43,29.55,29.48,29.6,29.73,29.8,29.74,29.78,29.83,29.92,29.99,29.9,29.95,30.0,30.12,30.18,30.29,30.32,30.33,30.35,30.34,30.31,30.29,,,,,,,,
,,,,,,,,,,,,,,,,,,,,,,,,,,,,,,,,,,,,,,,,,,,,29.85,29.82,29.79,29.65,29.61,29.49,29.46,29.45,29.46,29.46,29.57,29.5,29.6,29.65,29.68,29.76,29.81,29.85,29.9,29.98,30.04,30.06,30.02,30.07,30.19,30.25,30.26,30.38,30.4,30.4,30.4,30.37,30.36,,,,,,,,
,,,,,,,,,,,,,,,,,,,,,,,,,,,,,,,,,,,,,,,,,,,29.91,29.78,29.74,29.71,29.57,29.54,29.51,29.39,29.48,29.49,29.49,29.51,29.5,29.55,29.59,29.73,29.79,29.87,29.91,29.97,30.03,30.1,30.16,30.18,30.24,30.19,30.31,30.32,30.45,30.46,30.46,30.45,30.44,30.42,,,,,,,,
,,,,,,,,,,,,,,,,,,,,,,,,,,,,,,,,,,,,,,,,,,,29.84,29.71,29.67,29.64,29.6,29.46,29.43,29.41,29.41,29.41,29.41,29.5,29.44,29.59,29.63,29.69,29.75,29.83,29.87,29.96,29.99,30.05,30.12,30.15,30.3,30.35,30.38,30.5,30.5,30.52,30.52,30.41,30.39,30.49,,,,,,,,
,,,,,,,,,,,,,,,,,,,,,,,,,,,,,,,,,,,,,,,,,,,29.88,29.64,29.6,29.56,29.51,29.47,29.44,29.31,29.22,29.35,29.3,29.44,29.38,29.53,29.58,29.63,29.68,29.73,29.92,29.86,30.04,30.11,30.18,30.25,30.37,30.42,30.45,30.57,30.58,30.58,30.48,30.38,30.45,30.44,,,,,,,,
,,,,,,,,,,,,,,,,,,,,,,,,,,,,,,,,,,,,,,,,,,,29.8,29.68,29.53,29.48,29.42,29.28,29.25,29.23,29.1,29.26,29.33,29.38,29.33,29.38,29.51,29.56,29.71,29.77,29.85,29.92,30.05,30.17,30.24,30.31,30.34,30.49,30.52,30.54,30.54,30.44,30.55,30.44,30.42,30.4,,,,,,,,
,,,,,,,,,,,,,,,,,,,,,,,,,,,,,,,,,,,,,,,,,,,,29.7,29.56,29.4,29.35,29.3,29.13,29.01,29.12,29.25,29.29,29.33,29.28,29.41,29.49,29.59,29.74,29.8,29.8,29.87,29.93,30.09,30.21,30.27,30.41,30.46,30.59,30.6,30.52,30.41,30.4,30.39,30.38,30.36,,,,,,,,
,,,,,,,,,,,,,,,,,,,,,,,,,,,,,,,,,,,,,,,,,,,,29.66,29.48,29.32,29.36,29.21,29.06,29.05,29.18,29.11,29.15,29.17,29.32,29.46,29.49,29.52,29.57,29.62,29.65,29.72,29.89,30.14,30.22,30.3,30.38,30.42,30.55,30.47,30.48,30.36,30.36,30.24,30.33,30.43,,,,,,,,
,,,,,,,,,,,,,,,,,,,,,,,,,,,,,,,,,,,,,,,,,,,,,29.42,29.3,29.25,29.21,29.08,29.06,29.17,29.09,29.04,29.13,29.37,29.42,29.45,29.48,29.41,29.54,29.61,29.68,29.91,30.1,30.08,30.15,30.34,30.5,30.53,30.44,30.34,30.32,30.31,30.29,30.28,30.38,,,,,,,,
,,,,,,,,,,,,,,,,,,,,,,,,,,,,,,,,,,,,,,,,,,,,,29.53,29.39,29.25,29.22,29.09,29.08,29.08,29.08,29.14,29.2,29.33,29.37,29.35,29.4,29.45,29.5,29.57,29.73,29.96,29.95,30.03,30.2,30.25,30.44,30.61,30.41,30.4,30.29,30.27,30.25,30.24,30.32,,,,,,,,
,,,,,,,,,,,,,,,,,,,,,,,,,,,,,,,,,,,,,,,,,,,,,29.53,29.39,29.26,29.23,29.11,29.09,29.08,29.17,29.18,29.27,29.28,29.2,29.33,29.47,29.52,29.56,29.73,29.79,29.91,29.8,29.98,30.15,30.21,30.47,30.49,30.45,30.37,30.25,30.23,30.12,30.2,30.27,,,,,,,,
,29.64,29.34,29.23,29.23,29.33,29.34,29.35,29.36,29.37,29.38,29.3,29.31,29.32,29.34,29.35,29.46,29.48,29.5,29.51,29.42,29.33,29.45,29.46,29.37,29.48,29.49,29.49,29.58,29.48,29.47,29.47,29.46,29.45,29.65,29.42,29.42,29.31,29.39,29.37,29.35,29.23,29.3,29.57,29.55,29.53,29.4,29.27,29.25,29.02,29.1,29.09,29.09,29.18,29.19,29.18,29.2,29.32,29.45,29.39,29.53,29.69,29.74,29.78,29.86,29.94,30.1,30.26,30.42,30.47,30.49,30.5,30.28,30.17,30.05,30.11,30.18,,,,,,,,
,29.65,29.25,29.14,29.24,29.24,29.25,29.25,29.26,29.27,29.29,29.3,29.21,29.23,29.25,29.36,29.38,29.39,29.4,29.41,29.43,29.44,29.35,29.37,29.37,29.38,29.48,29.48,29.48,29.47,29.46,29.35,29.45,29.54,29.53,29.41,29.4,29.28,29.27,29.35,29.33,29.31,29.39,29.57,29.54,29.52,29.4,29.38,29.16,29.04,29.02,29.1,29.1,29.19,29.19,29.2,29.29,29.31,29.43,29.47,29.5,29.56,29.63,29.75,29.83,29.89,30.05,30.31,30.37,30.21,30.32,30.43,30.42,30.3,30.07,29.94,30.01,,,,,,,,
,29.67,29.46,29.25,29.15,29.15,29.15,29.16,29.17,29.28,29.3,29.31,29.22,29.23,29.25,29.27,29.28,29.3,29.31,29.32,29.34,29.35,29.36,29.27,29.38,29.38,29.39,29.48,29.38,29.36,29.35,29.35,29.44,29.53,29.32,29.41,29.38,29.27,29.25,29.34,29.32,29.31,29.38,29.56,29.54,29.42,29.3,29.19,29.17,29.15,29.04,29.02,29.11,29.1,29.2,29.3,29.29,29.3,29.32,29.34,29.49,29.44,29.65,29.72,29.79,29.94,30.09,30.25,30.18,30.13,30.24,30.25,30.25,30.32,30.09,29.96,29.93,,,,,,,,
29.69,29.68,29.67,29.47,29.36,29.26,29.26,29.27,29.28,29.39,29.4,29.22,29.23,29.15,29.27,29.28,29.29,29.21,29.32,29.23,29.24,29.25,29.26,29.27,29.28,29.28,29.39,29.39,29.37,29.26,29.35,29.34,29.53,29.32,29.31,29.3,29.28,29.27,29.24,29.33,29.33,29.4,29.48,29.56,29.53,29.52,29.41,29.39,29.28,29.27,29.16,29.05,29.02,29.11,29.21,29.31,29.19,29.2,29.23,29.22,29.35,29.43,29.53,29.69,29.85,30.0,30.04,30.09,30.13,30.05,30.07,30.16,30.05,30.15,30.22,29.98,29.84,,,,,,,,
,29.6,29.59,29.58,29.48,29.47,29.47,29.38,29.39,29.4,29.41,29.23,29.15,29.06,29.09,29.2,29.2,29.21,29.23,29.24,29.15,29.16,29.27,29.28,29.29,29.19,29.29,29.29,29.27,29.25,29.24,29.33,29.42,29.21,29.2,29.29,29.38,29.36,29.24,29.23,29.22,29.3,29.59,29.56,29.54,29.43,29.31,29.3,29.29,29.18,29.06,29.05,29.14,29.22,29.22,29.11,29.11,29.11,29.22,29.21,29.36,29.51,29.56,29.76,29.9,29.94,29.99,30.02,29.95,29.98,29.99,29.98,29.96,30.04,30.11,29.87,29.78,,,,,,,,
29.64,29.63,29.62,29.61,29.6,29.6,29.5,29.5,29.51,29.42,29.33,29.25,29.16,29.17,29.09,29.2,29.11,29.12,29.23,29.15,29.15,29.16,29.27,29.18,29.19,29.19,29.19,29.18,29.26,29.25,29.34,29.43,29.32,29.21,29.2,29.19,29.28,29.26,29.25,29.23,29.32,29.41,29.6,29.57,29.45,29.43,29.32,29.21,29.2,29.09,29.07,29.16,29.25,29.23,29.14,29.12,29.23,29.32,29.53,29.53,29.55,29.59,29.69,29.72,29.75,29.79,29.82,29.84,29.87,29.79,29.79,29.88,29.85,29.82,29.88,29.78,,,,,,,,,
,,29.64,29.63,29.62,29.62,29.42,29.42,29.33,29.33,29.24,29.25,29.27,29.28,29.2,29.31,29.22,29.13,29.14,29.15,29.16,29.07,29.18,29.28,29.19,29.18,29.18,29.17,29.16,29.25,29.34,29.33,29.22,29.21,29.2,29.19,29.28,29.26,29.15,29.15,29.23,29.62,29.61,29.58,29.36,29.34,29.43,29.32,29.21,29.08,29.08,29.17,29.05,29.04,29.04,29.24,29.34,29.43,29.46,29.43,29.45,29.53,29.65,29.47,29.62,29.73,29.76,29.68,29.79,29.68,29.68,29.76,29.73,29.7,29.82,29.68,,,,,,,,,
,,29.67,29.66,29.65,29.54,29.44,29.34,29.34,29.35,29.36,29.37,29.38,29.39,29.21,29.32,29.23,29.14,29.15,29.06,29.07,29.08,29.08,29.19,29.09,29.18,29.18,29.17,29.16,29.25,29.24,29.23,29.22,29.11,29.1,29.09,29.18,29.17,29.16,29.15,29.44,29.63,29.61,29.5,29.28,29.26,29.24,29.23,29.12,29.11,29.09,29.08,29.06,29.05,29.15,29.25,29.37,29.35,29.25,29.37,29.49,29.4,29.61,29.33,29.56,29.59,29.66,29.7,29.59,29.47,29.56,29.54,29.51,29.76,29.71,29.41,,,,,,,,,
,,29.6,29.58,29.57,29.46,29.56,29.46,29.56,29.47,29.48,29.48,29.39,29.4,29.41,29.42,29.34,29.25,29.16,28.96,28.98,28.99,28.99,29.09,29.09,29.08,29.08,29.17,29.16,29.15,29.14,29.23,29.23,29.12,29.11,29.1,29.09,29.18,29.17,29.36,29.65,29.54,29.42,29.41,29.3,29.18,29.17,29.14,29.13,29.02,29.0,28.99,29.08,29.19,29.28,29.38,29.38,29.16,29.18,29.26,29.37,29.38,29.6,29.33,29.45,29.48,29.49,29.5,29.41,29.37,29.45,29.33,29.38,29.55,29.5,29.32,,,,,,,,,
,,29.63,29.61,29.4,29.39,29.38,29.38,29.38,29.39,29.29,29.4,29.4,29.31,29.32,29.34,29.45,29.35,29.16,29.07,28.98,29.09,28.99,28.99,29.09,29.08,29.18,29.17,29.16,29.06,29.15,29.15,29.13,29.12,29.12,29.11,29.2,29.29,29.38,29.57,29.56,29.45,29.33,29.33,29.21,29.1,29.09,29.07,29.06,29.04,29.14,29.22,29.31,29.41,29.41,29.4,29.4,29.08,29.18,29.28,29.28,29.37,29.49,29.25,29.35,29.35,29.34,29.33,29.32,29.28,29.29,29.29,29.38,29.44,29.43,29.16,,,,,,,,,
,,,29.64,29.54,29.32,29.21,29.2,29.2,29.3,29.21,29.21,29.32,29.32,29.13,29.14,29.25,29.36,29.37,29.18,29.09,29.19,29.09,28.99,28.99,28.99,29.09,29.18,29.17,29.17,29.06,29.05,29.05,29.04,29.13,29.13,29.22,29.4,29.6,29.49,29.37,29.37,29.25,29.24,29.23,29.11,29.02,28.99,29.08,29.18,29.26,29.25,29.34,29.33,29.23,29.33,29.42,29.11,29.3,29.2,29.2,29.28,29.38,29.27,29.25,29.34,29.31,29.29,29.19,29.14,29.14,29.23,29.21,29.38,29.32,29.12,,,,,,,,,
,,,29.58,29.56,29.34,29.23,29.12,29.12,29.22,29.22,29.12,29.23,29.23,29.14,29.15,29.26,29.17,29.18,29.29,29.29,29.2,29.1,29.1,29.0,29.0,29.0,29.1,29.08,29.08,29.07,29.06,29.06,29.06,29.15,29.25,29.33,29.62,29.61,29.4,29.29,29.28,29.28,29.17,29.15,29.04,29.02,29.11,29.21,29.2,29.29,29.19,29.27,29.16,29.15,29.35,29.24,29.13,29.22,29.22,29.11,29.31,29.46,29.32,29.29,29.36,29.23,29.22,29.07,29.05,29.13,29.22,29.16,29.23,29.18,28.96,,,,,,,,,
,,,29.6,29.57,29.36,29.25,29.14,29.04,29.04,29.04,29.04,29.14,29.25,29.16,29.16,29.18,29.08,28.99,29.1,29.31,29.11,29.11,29.12,29.02,29.01,29.01,29.01,29.1,28.99,29.09,29.18,29.18,29.18,29.27,29.37,29.56,29.65,29.54,29.33,29.32,29.31,29.2,29.0,29.08,29.07,29.18,29.25,29.24,29.24,29.22,29.21,29.2,29.1,29.09,29.28,29.17,29.17,29.27,29.17,29.25,29.36,29.36,29.35,29.25,29.33,29.28,29.14,29.1,29.07,29.23,29.19,29.03,29.1,29.11,28.85,,,,,,,,,
,,,,29.6,29.29,29.27,29.16,29.05,28.95,29.05,29.05,28.96,28.96,28.98,29.08,29.09,29.1,28.91,29.02,29.23,29.03,29.03,29.03,29.03,29.03,29.04,29.03,29.03,29.02,29.01,29.21,29.31,29.31,29.3,29.5,29.59,29.58,29.47,29.36,29.25,29.24,29.23,29.02,29.02,29.1,29.19,29.3,29.38,29.18,29.26,29.26,29.15,29.14,29.23,29.32,29.12,29.22,29.32,29.22,29.32,29.42,29.33,29.3,29.29,29.18,29.23,29.19,29.15,29.2,29.25,29.06,29.02,29.17,29.03,28.96,,,,,,,,,
,,,,29.6,29.4,29.2,29.18,29.17,29.07,29.17,29.17,29.08,28.88,28.9,28.9,29.01,29.02,28.93,29.04,29.15,29.15,29.06,28.96,28.96,28.96,28.96,28.96,28.95,29.05,29.05,29.14,29.24,29.44,29.44,29.54,29.63,29.42,29.21,29.3,29.19,29.08,29.17,29.16,28.95,29.14,29.13,29.23,29.22,29.22,29.21,29.1,29.09,29.18,29.37,29.37,29.27,29.37,29.37,29.27,29.37,29.47,29.36,29.26,29.24,29.23,29.29,29.14,29.19,29.25,29.19,29.12,29.17,29.12,28.98,28.89,,,,,,,,,
,,,,,,29.2,29.2,29.19,29.09,29.19,29.19,29.1,29.0,28.92,28.93,28.94,28.95,28.86,28.86,28.97,29.08,29.09,28.99,28.89,28.89,28.99,28.99,28.99,29.09,29.19,29.27,29.27,29.37,29.47,29.57,29.57,29.36,29.25,29.24,29.03,28.92,29.01,29.01,29.0,29.09,29.08,29.08,29.16,29.15,29.15,29.05,29.24,29.33,29.43,29.42,29.33,29.32,29.42,29.42,29.32,29.42,29.41,29.31,29.3,29.26,29.24,29.08,29.16,29.1,29.15,29.27,29.12,28.98,29.03,28.94,,,,,,,,,
,,,,,,29.31,29.31,29.2,29.21,29.21,29.11,29.12,29.03,29.04,29.06,29.07,28.98,28.89,28.9,29.01,29.01,29.02,29.02,28.93,28.92,29.03,29.13,29.13,29.13,29.23,29.33,29.41,29.41,29.51,29.51,29.6,29.3,29.19,29.29,29.08,28.97,28.96,28.86,28.95,28.94,28.93,29.02,29.21,29.21,29.1,29.09,29.28,29.38,29.38,29.38,29.27,29.27,29.37,29.37,29.38,29.38,29.38,29.36,29.24,29.32,29.28,29.14,29.1,29.15,29.2,29.24,28.98,28.93,28.98,28.93,,,,,,,,,
,,,,,,29.52,29.42,29.42,29.22,29.22,29.23,29.24,29.16,29.27,29.19,29.1,29.02,29.13,29.14,29.05,29.05,29.06,29.05,28.96,28.86,29.07,29.27,29.27,29.07,29.17,29.37,29.36,29.35,29.46,29.56,29.66,29.35,29.15,29.23,29.12,29.12,28.91,28.8,28.89,28.88,28.87,29.16,29.16,29.15,29.14,29.23,29.43,29.43,29.33,29.33,29.23,29.33,29.43,29.34,29.34,29.34,29.44,29.41,29.4,29.36,29.24,29.2,29.25,29.21,29.25,29.2,28.94,28.99,29.03,28.89,,,,,,,,,
,,,,,,,29.43,29.42,29.43,29.34,29.35,29.27,29.29,29.31,29.23,29.14,29.15,29.26,29.17,29.18,29.19,29.09,29.0,29.0,29.01,29.21,29.31,29.31,29.21,29.31,29.33,29.32,29.32,29.4,29.59,29.59,29.29,29.18,29.18,29.08,28.97,28.97,28.84,28.84,28.83,29.12,29.21,29.1,29.09,29.19,29.29,29.39,29.38,29.28,29.28,29.28,29.28,29.38,29.39,29.39,29.39,29.38,29.36,29.34,29.32,29.3,29.25,29.21,29.28,29.32,29.17,29.01,29.06,29.1,29.04,,,,,,,,,
,,,,,,29.44,29.43,29.44,29.45,29.26,29.18,29.2,29.22,29.14,29.16,29.28,29.29,29.3,29.31,29.23,29.33,29.24,29.24,29.24,29.25,29.25,29.35,29.27,29.17,29.26,29.36,29.25,29.35,29.45,29.64,29.52,29.42,29.22,29.11,29.11,28.91,28.91,28.8,28.9,28.99,29.16,29.16,29.07,29.16,29.25,29.35,29.34,29.34,29.24,29.33,29.23,29.33,29.43,29.33,29.33,29.33,29.32,29.4,29.29,29.38,29.36,29.3,29.26,29.44,29.39,29.23,29.08,29.12,29.06,29.1,,,,,,,,,
,,,,,,,,,29.46,29.27,29.1,29.03,29.05,29.28,29.3,29.32,29.33,29.34,29.35,29.36,29.37,29.28,29.39,29.39,29.29,29.39,29.41,29.31,29.2,29.3,29.2,29.29,29.49,29.49,29.58,29.58,29.58,29.47,29.35,29.15,29.06,29.06,28.95,28.95,29.15,29.24,29.14,29.22,29.21,29.31,29.2,29.3,29.29,29.19,29.19,29.28,29.28,29.28,29.27,29.37,29.26,29.27,29.26,29.25,29.23,29.3,29.36,29.33,29.41,29.38,29.25,29.15,29.09,29.03,28.97,,,,,,,,,
,,,,,,,,,,29.29,29.23,29.26,29.19,29.21,29.34,29.45,29.47,29.49,29.5,29.4,29.41,29.32,29.42,29.43,29.33,29.45,29.35,29.24,29.24,29.25,29.34,29.33,29.43,29.52,29.62,29.52,29.41,29.41,29.51,29.4,29.2,29.1,29.1,29.1,29.19,29.29,29.19,29.27,29.37,29.17,29.26,29.35,29.35,29.14,29.24,29.23,29.23,29.23,29.32,29.31,29.2,29.19,29.28,29.16,29.14,29.42,29.39,29.35,29.43,29.4,29.18,29.14,29.09,29.14,29.03,,,,,,,,,
,,,,,,,,,,,29.45,29.28,29.22,29.25,29.37,29.49,29.41,29.43,29.44,29.44,29.35,29.36,29.47,29.47,29.49,29.48,29.28,29.28,29.18,29.18,29.28,29.37,29.57,29.56,29.46,29.36,29.35,29.36,29.25,29.44,29.44,29.24,29.14,29.03,29.24,29.24,29.34,29.44,29.22,29.12,29.21,29.3,29.4,29.19,29.18,29.27,29.27,29.26,29.25,29.24,29.14,29.13,29.11,29.08,29.26,29.43,29.41,29.38,29.35,29.31,29.22,29.08,29.02,29.06,29.02,,,,,,,,,
,,,,,,,,,,,29.47,29.51,29.44,29.38,29.4,29.43,29.45,29.47,29.48,29.48,29.4,29.51,29.51,29.32,29.42,29.32,29.31,29.31,29.22,29.21,29.21,29.41,29.61,29.51,29.4,29.4,29.4,29.4,29.39,29.39,29.48,29.38,29.18,29.17,29.27,29.27,29.27,29.27,29.27,29.06,29.15,29.34,29.44,29.33,29.22,29.21,29.3,29.19,29.19,29.17,29.07,29.03,29.05,29.23,29.3,29.27,29.25,29.22,29.3,29.37,29.13,29.12,29.06,29.01,28.96,,,,,,,,,
,,,,,,,,,,,,,29.47,29.31,29.34,29.36,29.39,29.5,29.52,29.53,29.54,29.55,29.45,29.46,29.45,29.45,29.45,29.45,29.35,29.25,29.35,29.45,29.55,29.45,29.33,29.35,29.24,29.24,29.33,29.43,29.43,29.42,29.31,29.31,29.31,29.3,29.2,29.3,29.3,29.2,29.18,29.38,29.37,29.36,29.34,29.33,29.33,29.22,29.21,29.2,29.09,28.97,28.97,29.25,29.33,29.41,29.38,29.35,29.32,29.3,29.08,29.05,29.1,28.95,28.89,,,,,,,,,
,,,,,,,,,,,,,29.49,29.43,29.26,29.39,29.32,29.35,29.36,29.37,29.27,29.38,29.59,29.59,29.58,29.48,29.48,29.48,29.38,29.37,29.48,29.47,29.57,29.47,29.37,29.37,29.27,29.17,29.27,29.37,29.36,29.36,29.25,29.34,29.34,29.24,29.13,29.23,29.23,29.12,29.22,29.3,29.28,29.28,29.36,29.25,29.25,29.14,29.23,29.22,29.0,28.89,29.08,29.17,29.35,29.33,29.31,29.38,29.35,29.26,29.12,29.07,29.13,28.97,28.81,,,,,,,,,
,,,,,,,,,,,,,,29.55,29.49,29.53,29.55,29.47,29.59,29.5,29.41,29.32,29.41,29.51,29.51,29.4,29.4,29.4,29.31,29.31,29.41,29.51,29.6,29.5,29.5,29.4,29.4,29.2,29.2,29.3,29.3,29.3,29.29,29.28,29.37,29.36,29.26,29.25,29.25,29.15,29.14,29.33,29.2,29.2,29.28,29.28,29.16,29.15,29.14,29.13,28.92,29.01,29.1,29.19,29.27,29.16,29.34,29.31,29.17,29.14,29.01,29.05,28.92,28.8,28.64,,,,,,,,,
,,,,,,,,,,,,,29.41,29.57,29.52,29.46,29.48,29.6,29.62,29.63,29.43,29.44,29.54,29.44,29.53,29.43,29.43,29.43,29.33,29.33,29.42,29.43,29.52,29.42,29.42,29.42,29.32,29.33,29.23,29.23,29.23,29.22,29.21,29.21,29.3,29.3,29.29,29.18,29.17,29.06,29.15,29.24,29.23,29.11,29.2,29.19,29.18,29.07,29.06,28.84,28.94,29.02,29.11,29.2,29.19,29.19,29.34,29.24,29.11,28.96,28.92,28.88,28.82,28.75,28.5,,,,,,,,,
,,,,,,,,,,,,,29.44,29.49,29.55,29.48,29.31,29.43,29.54,29.65,29.56,29.56,29.57,29.47,29.56,29.56,29.46,29.46,29.36,29.25,29.35,29.45,29.55,29.44,29.34,29.35,29.35,29.45,29.35,29.35,29.24,29.24,29.14,29.23,29.23,29.22,29.31,29.2,29.09,29.07,29.16,29.15,29.14,29.13,29.22,29.2,29.09,28.88,28.97,28.95,29.04,29.14,29.23,29.22,29.1,29.2,29.38,29.15,29.01,28.87,28.83,28.78,28.82,28.76,28.7,28.75,,,,,,,,
,,,,,,,,,,,,,,,29.55,29.49,29.31,29.34,29.35,29.56,29.67,29.58,29.49,29.59,29.59,29.59,29.59,29.46,29.38,29.28,29.37,29.37,29.47,29.56,29.46,29.46,29.46,29.36,29.36,29.26,29.16,29.16,29.15,29.14,29.24,29.13,29.22,29.21,29.1,29.09,29.18,29.16,29.05,29.04,29.13,29.11,29.1,28.99,29.07,29.06,29.05,29.14,29.14,29.13,29.13,29.3,29.19,29.26,28.92,28.78,28.83,28.68,28.83,28.57,28.62,28.66,,,,,,,,
,,,,,,,,,,,,,,,,29.49,29.32,29.34,29.35,29.37,29.58,29.59,29.6,29.6,29.6,29.5,29.5,29.5,29.39,29.39,29.29,29.28,29.38,29.48,29.48,29.38,29.28,29.28,29.18,29.18,29.17,29.17,29.16,29.16,29.05,29.05,29.14,29.12,29.11,29.11,29.19,29.07,29.06,29.05,29.03,29.02,29.01,29.09,29.08,29.16,29.05,29.05,29.14,29.14,29.24,29.22,29.01,29.17,29.03,28.68,28.72,28.68,28.73,28.58,28.52,28.54,,,,,,,,
,,,,,,,,,,,,,,,,,29.42,29.35,29.36,29.27,29.48,29.59,29.5,29.51,29.51,29.41,29.41,29.5,29.5,29.4,29.3,29.3,29.4,29.4,29.5,29.5,29.29,29.29,29.19,29.19,29.29,29.29,29.28,29.17,29.17,29.06,29.05,29.14,29.02,29.02,29.01,28.98,29.07,28.96,28.94,29.03,29.01,29.1,29.18,29.17,29.16,29.25,29.24,29.14,29.24,29.13,29.01,29.19,29.03,28.67,28.72,28.57,28.62,28.57,28.5,28.54,,,,,,,,
,,,,,,,,,,,,,,,29.46,29.5,29.52,29.25,29.16,29.28,29.39,29.59,29.6,29.51,29.52,29.51,29.51,29.51,29.41,29.41,29.41,29.41,29.31,29.31,29.41,29.41,29.41,29.31,29.31,29.3,29.3,29.3,29.19,29.18,29.18,29.07,28.96,29.05,29.03,29.03,29.02,28.99,28.98,28.96,29.04,29.03,29.01,29.1,29.08,29.17,29.05,29.14,29.14,29.13,29.13,29.12,29.0,29.08,29.11,28.96,28.71,28.56,28.51,28.55,28.69,28.69,,,,,,,,
,,,,,,,,,,,,,,,,29.39,29.52,29.44,29.16,29.28,29.29,29.39,29.51,29.51,29.42,29.42,29.42,29.42,29.32,29.42,29.42,29.42,29.22,29.32,29.32,29.42,29.42,29.32,29.32,29.22,29.21,29.2,29.2,29.09,28.99,29.08,29.07,29.05,29.04,29.03,29.02,28.99,29.08,28.96,29.05,29.03,29.01,29.0,29.08,29.07,29.15,29.14,29.13,29.02,29.12,28.9,28.87,29.04,28.99,28.84,28.79,28.54,28.49,28.53,28.64,28.68,,,,,,,,
,,,,,,,,,,,,,,29.41,29.36,29.39,29.41,29.43,29.36,29.17,29.19,29.2,29.41,29.51,29.42,29.42,29.42,29.32,29.32,29.42,29.42,29.42,29.23,29.23,29.23,29.23,29.43,29.43,29.23,29.23,29.22,29.11,29.11,29.1,29.09,29.09,29.07,28.96,28.95,29.04,29.03,29.01,28.98,28.96,29.05,28.93,28.91,28.89,28.98,29.06,29.05,29.13,29.11,28.9,28.9,28.88,28.95,29.01,28.87,28.72,28.67,28.52,28.56,28.71,28.62,28.67,,,,,,,,
,,,,,,,,,,,,,,29.31,29.35,29.38,29.41,29.43,29.46,29.16,29.17,29.2,29.31,29.41,29.51,29.42,29.32,29.42,29.42,29.52,29.43,29.43,29.34,29.24,29.24,29.34,29.34,29.34,29.33,29.24,29.13,29.22,29.21,29.2,29.2,29.19,29.08,29.07,29.05,29.04,29.03,29.02,28.99,29.06,29.04,28.92,28.91,28.89,28.87,28.85,28.93,28.91,28.9,28.89,28.77,28.85,28.92,28.89,28.75,28.6,28.55,28.59,28.64,28.69,28.6,28.55,,,,,,,,
,,,,,,,,,,,,,,,29.35,29.38,29.41,29.43,29.45,29.38,29.19,29.1,29.1,29.21,29.31,29.41,29.41,29.32,29.32,29.42,29.33,29.24,29.24,29.15,29.25,29.25,29.35,29.25,29.24,29.24,29.24,29.12,29.22,29.11,29.2,29.19,29.08,29.07,29.06,29.05,29.03,29.01,29.09,29.07,28.94,28.82,28.8,28.88,28.75,28.73,28.71,28.7,28.78,28.76,28.75,28.72,28.79,28.76,28.51,28.67,28.73,28.78,28.83,28.68,28.62,28.43,,,,,,,,
,,,,,,,,,,,,,,29.32,29.35,29.38,29.4,29.42,29.54,29.56,29.58,29.19,29.1,29.1,29.21,29.31,29.42,29.53,29.53,29.43,29.34,29.34,29.35,29.25,29.25,29.25,29.35,29.35,29.25,29.15,29.24,29.23,29.22,29.11,29.2,29.09,29.08,29.06,28.95,29.04,29.02,29.11,28.99,28.96,28.93,28.8,28.78,28.76,28.74,28.72,28.6,28.68,28.76,28.64,28.62,28.7,28.77,28.63,28.6,28.76,28.72,28.76,28.71,28.68,28.62,28.51,28.46,,,,,,,
,,,,,,,,,,,,,29.28,29.31,29.35,29.37,29.4,29.41,29.44,29.45,29.57,29.59,29.6,29.5,29.21,29.22,29.32,29.32,29.43,29.43,29.44,29.35,29.35,29.25,29.26,29.36,29.36,29.36,29.26,29.15,29.14,29.13,29.22,29.21,29.2,29.09,28.97,28.95,28.84,28.93,29.01,29.0,28.78,28.74,28.83,28.79,28.87,28.75,28.62,28.6,28.58,28.76,28.74,28.62,28.6,28.67,28.74,28.61,28.6,28.75,28.8,28.67,28.61,28.56,28.49,28.49,28.53,,,,,,,
,,,,,,,,,,,,,29.28,29.31,29.34,29.36,29.39,29.41,29.43,29.45,29.58,29.49,29.6,29.6,29.51,29.22,29.21,29.23,29.33,29.34,29.44,29.45,29.45,29.36,29.36,29.37,29.37,29.37,29.16,29.05,29.14,29.13,29.02,29.11,29.1,29.08,28.97,28.95,29.03,29.02,28.9,28.88,28.87,28.83,28.8,28.68,28.65,28.63,28.61,28.69,28.67,28.64,28.62,28.6,28.58,28.55,28.52,28.49,28.62,28.73,28.79,28.64,28.59,28.63,28.57,28.47,28.42,,,,,,,
,,,,,,,,,,,,,29.27,29.3,29.33,29.36,29.38,29.4,29.43,29.45,29.46,29.48,29.49,29.5,29.51,29.32,29.22,29.12,29.13,29.14,29.24,29.35,29.46,29.46,29.47,29.37,29.38,29.27,29.16,29.15,29.14,29.13,29.11,29.0,28.99,29.08,29.06,29.04,29.02,28.9,28.88,28.87,28.85,28.81,28.79,28.66,28.64,28.61,28.69,28.67,28.64,28.62,28.6,28.47,28.56,28.44,28.4,28.48,28.64,28.7,28.66,28.52,28.47,28.51,28.55,28.49,28.4,,,,,,,
,,,,,,,,,,,,,29.27,29.3,29.32,29.35,29.37,29.4,29.42,29.43,29.45,29.48,29.49,29.5,29.51,29.51,29.32,29.12,29.13,29.04,29.15,29.25,29.25,29.16,29.26,29.37,29.37,29.26,29.16,29.14,29.13,29.12,29.11,28.99,28.98,28.96,28.94,28.82,28.9,28.98,28.97,28.95,28.71,28.69,28.66,28.73,28.71,28.58,28.66,28.64,28.62,28.6,28.57,28.46,28.44,28.32,28.29,28.45,28.52,28.48,28.44,28.49,28.44,28.49,28.53,28.48,28.34,,,,,,,
,,,,,,,,,,,29.32,29.24,29.27,29.29,29.32,29.34,29.37,29.39,29.41,29.42,29.44,29.47,29.48,29.5,29.5,29.51,29.51,29.12,29.13,29.04,29.05,29.15,29.15,29.16,29.17,29.16,29.27,29.26,29.15,29.13,29.12,29.01,28.99,28.88,28.76,28.94,28.82,28.8,28.77,28.75,28.74,28.82,28.77,28.75,28.73,28.6,28.57,28.64,28.61,28.6,28.58,28.56,28.45,28.43,28.52,28.39,28.26,28.33,28.29,28.25,28.31,28.47,28.52,28.47,28.48,28.42,28.36,,,,,,,
,,,,,,,,,,,29.22,29.24,29.26,29.28,29.31,29.34,29.36,29.38,29.39,29.41,29.42,29.45,29.47,29.48,29.5,29.5,29.51,29.32,29.23,29.04,28.95,28.95,29.05,29.05,29.06,29.06,29.16,29.25,29.13,29.02,29.01,28.99,28.87,28.86,28.74,28.81,28.78,28.66,28.64,28.62,28.7,28.68,28.63,28.7,28.67,28.65,28.62,28.7,28.57,28.54,28.42,28.4,28.39,28.38,28.36,28.27,28.14,28.3,28.37,28.23,28.4,28.41,28.36,28.41,28.36,28.41,28.25,,,,,,,
,,,,,,,,,,,,29.24,29.25,29.27,29.31,29.32,29.34,29.35,29.37,29.39,29.41,29.43,29.45,29.47,29.48,29.49,29.51,29.52,29.23,29.14,28.95,28.95,29.05,28.95,28.95,28.95,29.04,29.13,29.12,29.01,28.89,28.87,28.75,28.82,28.71,28.69,28.75,28.63,28.5,28.58,28.55,28.63,28.48,28.44,28.41,28.48,28.56,28.54,28.51,28.48,28.46,28.44,28.34,28.33,28.3,28.18,28.06,28.23,28.2,28.16,28.12,28.28,28.34,28.39,28.34,28.3,28.25,,,,,,,
,,,,,,,,,,,,,29.24,29.26,29.29,29.3,29.3,29.32,29.34,29.36,29.38,29.4,29.44,29.46,29.47,29.49,29.5,29.51,29.41,29.13,29.13,29.04,29.04,29.04,28.94,28.94,28.93,28.92,29.0,29.09,28.97,28.85,28.83,28.8,28.67,28.54,28.61,28.59,28.46,28.43,28.41,28.45,28.41,28.27,28.23,28.32,28.29,28.27,28.25,28.32,28.4,28.38,28.37,28.26,28.25,28.13,28.01,27.99,27.96,27.83,27.98,28.35,28.41,28.37,28.33,28.19,28.14,28.1,,,,,,
,,,,,,,,,,,,,29.24,29.25,29.25,29.27,29.29,29.3,29.33,29.35,29.37,29.39,29.41,29.44,29.47,29.48,29.39,29.4,29.4,29.22,29.12,29.03,29.04,28.93,28.95,28.84,28.93,28.92,28.91,28.97,28.95,28.92,28.9,28.72,28.69,28.56,28.43,28.5,28.37,28.38,28.33,28.38,28.24,28.09,28.04,28.11,28.1,28.09,28.06,28.15,28.12,28.11,28.2,28.2,28.09,27.98,27.96,27.95,27.92,27.88,28.15,28.23,28.29,28.26,28.32,28.28,28.25,28.21,,,,,,
,,,,,,,,,,,,29.19,29.2,29.23,29.24,29.25,29.27,29.29,29.31,29.33,29.36,29.38,29.41,29.33,29.36,29.37,29.4,29.4,29.42,29.42,29.32,29.12,28.92,28.83,28.83,28.72,28.81,28.9,28.78,28.87,28.91,28.79,28.66,28.61,28.58,28.55,28.41,28.37,28.34,28.1,28.11,28.12,28.16,28.11,28.05,27.91,27.9,27.98,27.96,27.95,27.94,28.04,28.03,27.92,28.02,27.91,27.91,27.9,28.08,28.25,28.23,28.2,28.28,28.25,28.32,28.28,28.25,28.22,,,,,,
,,,,,,,,,,,29.17,29.18,29.19,29.22,29.22,29.23,29.25,29.27,29.29,29.32,29.24,29.27,29.3,29.33,29.35,29.37,29.39,29.42,29.42,29.32,29.32,29.32,28.92,28.92,28.82,28.71,28.69,28.65,28.64,28.71,28.7,28.77,28.64,28.61,28.58,28.55,28.28,28.23,28.2,28.03,27.98,27.91,27.9,27.94,27.96,27.82,27.7,27.78,27.76,27.76,27.86,27.86,27.76,27.86,27.86,27.86,27.95,28.05,28.04,28.22,28.3,28.28,28.26,28.24,28.31,28.19,28.06,28.14,,,,,,
,,,,,,,,,,,,29.17,29.17,29.2,29.21,29.21,29.23,29.25,29.27,29.2,29.23,29.26,29.29,29.32,29.35,29.37,29.3,29.31,29.32,29.32,29.32,29.32,29.02,28.92,28.91,28.8,28.75,28.74,28.62,28.6,28.57,28.75,28.61,28.58,28.44,28.41,28.24,28.1,28.14,28.08,27.92,27.85,27.68,27.65,27.68,27.75,27.61,27.59,27.68,27.68,27.68,27.68,27.69,27.79,27.7,27.8,28.01,28.11,28.19,28.19,28.28,28.26,28.25,28.23,28.21,28.09,28.07,28.05,,,,,,
,,,,,,,,,,,29.15,29.15,29.18,29.18,29.19,29.19,29.2,29.12,29.15,29.17,29.2,29.24,29.27,29.31,29.24,29.28,29.31,29.32,29.32,29.33,29.23,29.22,29.22,29.01,28.9,28.86,28.85,28.83,28.71,28.59,28.56,28.62,28.68,28.54,28.4,28.37,28.23,28.04,27.98,27.92,27.86,27.79,27.61,27.5,27.56,27.51,27.54,27.42,27.51,27.51,27.51,27.61,27.62,27.63,27.64,27.65,27.96,28.07,28.17,28.17,28.26,28.25,28.14,28.12,28.11,28.09,28.07,28.16,,,,,,
,,,,,,,,,,,,,29.16,29.15,29.16,29.17,29.18,29.1,29.12,29.15,29.18,29.21,29.25,29.19,29.24,29.28,29.32,29.33,29.23,29.24,29.23,29.23,29.22,29.01,28.87,28.86,28.75,28.73,28.7,28.58,28.44,28.4,28.55,28.5,28.36,28.22,28.06,27.91,27.81,27.75,27.84,27.72,27.64,27.46,27.4,27.46,27.43,27.36,27.35,27.45,27.46,27.56,27.57,27.59,27.5,27.61,27.93,28.04,28.04,28.14,28.15,28.14,28.13,28.11,28.1,27.99,28.09,28.07,,,,,,
,,,,,,,,,,,,,29.13,29.13,29.13,29.04,29.04,29.06,29.09,29.12,29.15,29.19,29.12,29.16,29.21,29.26,29.22,29.23,29.23,29.23,29.23,29.23,29.23,29.12,28.78,28.77,28.76,28.63,28.6,28.56,28.52,28.37,28.4,28.36,28.2,28.15,28.0,27.95,27.75,27.68,27.63,27.65,27.57,27.5,27.35,27.31,27.19,27.17,27.2,27.31,27.41,27.52,27.64,27.55,27.67,27.89,27.9,28.02,28.12,28.13,28.03,28.03,28.02,28.01,28.0,28.0,27.99,27.97,,,,,,
,,,,,,,,,,,,,29.0,29.0,29.0,29.0,29.01,29.03,29.05,29.08,29.01,29.05,29.09,29.13,29.19,29.13,29.18,29.2,29.21,29.21,29.22,29.14,29.14,29.1,28.9,28.68,28.66,28.64,28.5,28.45,28.39,28.32,28.26,28.3,28.24,28.09,28.03,27.97,27.84,27.64,27.57,27.5,27.3,27.35,27.31,27.27,27.15,27.14,27.13,27.27,27.38,27.6,27.61,27.53,27.75,27.87,27.99,28.01,28.11,28.12,28.02,28.02,28.02,27.91,27.91,28.0,27.99,27.97,28.07,,,,,
,,,,,,,,,,,,,28.98,28.97,28.96,28.97,28.95,28.97,28.99,28.92,28.95,28.99,29.03,29.09,29.06,29.07,29.11,29.17,29.09,29.1,29.1,29.13,29.15,29.16,29.02,28.81,28.68,28.65,28.5,28.44,28.28,28.2,28.12,28.15,28.18,28.02,27.86,27.8,27.75,27.56,27.5,27.43,27.25,27.2,27.17,27.14,27.12,27.11,27.11,27.32,27.37,27.58,27.6,27.72,27.84,27.86,27.99,28.01,28.01,27.92,27.92,27.92,27.92,27.92,28.01,28.0,27.99,28.08,28.07,,,,,
,,,,,,,,,,,,28.95,28.93,28.92,28.91,28.91,28.82,28.83,28.86,28.89,28.92,28.95,28.9,28.96,29.0,29.04,29.07,29.01,29.04,29.08,29.1,29.14,29.17,29.15,28.85,28.65,28.62,28.57,28.41,28.34,28.25,28.07,28.08,28.0,28.02,27.95,27.69,27.53,27.57,27.54,27.45,27.45,27.3,27.17,27.13,27.01,27.0,27.0,27.1,27.31,27.36,27.58,27.7,27.72,27.85,27.87,27.89,27.91,27.92,27.83,27.83,27.83,27.93,27.92,27.92,28.01,28.01,28.1,28.08,,,,,
,,,,,,,,,,,,28.81,28.79,28.79,28.78,28.78,28.78,28.79,28.81,28.84,28.77,28.81,28.85,28.92,28.96,28.9,28.94,28.97,29.01,29.04,29.1,29.15,29.09,29.08,28.89,28.79,28.65,28.5,28.43,28.25,28.15,28.05,28.06,27.96,27.87,27.79,27.82,27.55,27.49,27.45,27.37,27.3,27.16,27.13,27.21,26.99,26.99,26.9,27.11,27.32,27.44,27.49,27.61,27.64,27.76,27.79,27.9,27.82,27.83,27.84,27.84,27.94,27.94,27.94,27.93,28.02,28.11,28.1,27.99,,,,,
,,,,,,,,,,,,28.89,28.77,28.75,28.74,28.73,28.73,28.65,28.67,28.7,28.73,28.76,28.83,28.87,28.81,28.86,28.91,28.95,28.99,29.04,29.03,29.08,29.13,29.13,29.16,28.86,28.61,28.54,28.35,28.25,28.14,28.04,27.94,27.93,27.83,27.64,27.65,27.57,27.51,27.38,27.38,27.25,27.23,27.21,27.1,27.09,26.99,26.91,27.12,27.24,27.35,27.51,27.64,27.66,27.68,27.7,27.73,27.75,27.85,27.86,27.86,27.86,27.95,28.06,28.05,28.03,28.02,28.01,27.9,,,,,
,,,,,,,,,,,28.8,28.77,28.65,28.62,28.6,28.57,28.55,28.58,28.61,28.64,28.68,28.71,28.69,28.73,28.77,28.82,28.87,28.92,28.87,28.92,28.99,29.08,29.14,29.17,29.22,29.23,28.78,28.58,28.46,28.35,28.24,28.03,27.92,27.81,27.7,27.6,27.49,27.39,27.42,27.4,27.34,27.33,27.32,27.21,27.2,27.21,27.11,27.13,27.15,27.16,27.28,27.44,27.57,27.69,27.71,27.74,27.66,27.68,27.88,27.89,27.89,27.88,27.98,27.97,27.96,28.05,27.94,27.92,27.71,,,,,
,,,,,,,,,,,28.69,28.65,28.62,28.59,28.55,28.53,28.51,28.53,28.56,28.49,28.52,28.56,28.63,28.68,28.72,28.78,28.83,28.88,28.84,28.89,28.97,29.03,29.14,29.18,29.26,29.22,29.02,28.69,28.56,28.45,28.34,28.13,28.02,27.71,27.6,27.49,27.36,27.2,27.27,27.27,27.13,27.13,27.33,27.33,27.23,27.24,27.15,27.17,27.18,27.1,27.23,27.49,27.61,27.73,27.86,27.78,27.7,27.81,27.92,27.92,27.92,27.92,27.9,27.98,28.07,28.06,27.95,27.94,27.82,,,,,
,,,,,,,,,,28.64,28.58,28.54,28.5,28.47,28.42,28.4,28.39,28.4,28.41,28.43,28.46,28.5,28.58,28.62,28.67,28.73,28.69,28.74,28.8,28.86,28.94,29.0,29.07,29.16,29.14,29.18,29.0,28.68,28.56,28.55,28.44,28.23,28.02,27.81,27.61,27.5,27.27,27.16,27.21,27.2,27.06,27.06,27.16,27.17,27.17,27.28,27.2,27.32,27.33,27.25,27.17,27.53,27.66,27.79,27.81,27.94,27.75,27.76,27.86,27.96,27.96,28.04,28.03,28.01,28.09,27.98,27.96,27.95,27.94,,,,,
,,,,,,,,,,28.63,28.57,28.53,28.49,28.44,28.4,28.37,28.35,28.34,28.36,28.38,28.4,28.44,28.52,28.47,28.52,28.58,28.64,28.7,28.76,28.83,28.9,28.97,28.93,29.0,29.05,29.07,29.03,28.64,28.54,28.33,28.23,28.03,27.93,27.73,27.62,27.63,27.44,27.25,27.2,27.18,27.12,27.11,27.12,27.12,27.13,27.14,27.16,27.28,27.29,27.31,27.32,27.6,27.73,27.86,27.88,27.9,28.01,28.01,28.01,28.11,27.99,27.97,28.05,28.03,28.01,28.0,27.98,28.07,27.95,,,,,
,,,,,,,,,,,,28.42,28.36,28.32,28.28,28.25,28.22,28.2,28.2,28.22,28.24,28.28,28.36,28.42,28.47,28.53,28.6,28.66,28.72,28.8,28.76,28.82,28.87,28.88,28.97,28.98,28.95,28.59,28.41,28.22,28.13,28.03,27.84,27.75,27.76,27.77,27.59,27.43,27.39,27.26,27.19,27.09,27.09,27.19,27.11,27.21,27.23,27.25,27.36,27.28,27.49,27.68,27.81,27.83,27.96,27.97,28.08,28.08,28.07,28.05,28.03,28.01,27.99,27.96,28.04,27.92,27.9,27.89,27.87,27.87,,,,
,,,,,,,,,,,28.35,28.3,28.25,28.2,28.26,28.22,28.19,28.16,28.14,28.14,28.15,28.19,28.27,28.36,28.43,28.49,28.56,28.62,28.68,28.66,28.71,28.76,28.81,28.85,28.88,28.89,28.88,28.53,28.47,28.4,28.32,28.04,27.96,27.98,28.0,27.83,27.75,27.7,27.57,27.49,27.38,27.27,27.37,27.37,27.38,27.19,27.2,27.23,27.34,27.36,27.64,27.77,27.9,28.02,28.04,28.05,28.05,28.04,28.13,28.1,27.98,27.95,28.02,27.99,28.06,27.94,27.82,27.7,27.69,27.78,,,,
,,,,,,,,,,,,,28.25,28.2,28.15,28.1,28.06,28.02,27.98,27.96,27.98,28.03,28.1,28.2,28.27,28.34,28.41,28.47,28.55,28.6,28.66,28.71,28.75,28.78,28.8,28.82,28.81,28.48,28.34,28.38,28.32,28.15,28.08,28.11,28.05,27.99,27.82,27.68,27.55,27.47,27.45,27.44,27.54,27.55,27.46,27.26,27.28,27.4,27.42,27.44,27.74,27.87,27.99,28.01,27.93,27.93,28.03,28.11,28.19,28.05,28.02,27.99,28.05,27.92,27.99,27.96,27.93,27.82,27.6,27.56,,,,
,,,,,,,,,,,,28.21,28.15,28.1,28.05,28.0,28.05,28.0,27.95,27.9,27.92,27.99,28.07,28.15,28.25,28.32,28.38,28.45,28.51,28.57,28.62,28.67,28.7,28.73,28.79,28.75,28.75,28.54,28.41,28.36,28.31,28.16,28.21,28.25,28.0,27.84,27.8,27.76,27.57,27.64,27.73,27.62,27.52,27.53,27.54,27.46,27.47,27.59,27.61,27.61,27.84,27.97,28.0,28.01,27.92,27.91,28.09,28.18,28.15,28.0,28.07,28.03,27.99,27.95,28.01,27.97,27.84,27.79,27.67,27.57,,,,
,,,,,,,,,,,,28.13,28.07,28.12,28.07,28.02,27.97,27.92,27.88,27.94,27.85,28.0,28.07,28.14,28.25,28.31,28.37,28.43,28.49,28.54,28.59,28.63,28.66,28.68,28.75,28.76,28.61,28.6,28.48,28.45,28.41,28.28,28.34,28.19,28.05,28.0,27.97,27.84,27.75,27.82,27.81,27.61,27.61,27.71,27.73,27.64,27.75,27.77,27.77,27.7,27.85,27.98,28.1,28.01,28.01,28.19,28.17,28.24,28.21,28.06,27.92,27.87,27.92,28.07,28.03,27.89,27.61,27.59,27.77,27.56,,,,
,,,,,,,,,,,,,,28.05,28.0,27.95,28.01,27.97,27.94,27.91,27.92,27.95,27.99,28.05,28.1,28.21,28.37,28.42,28.47,28.42,28.46,28.6,28.63,28.65,28.72,28.63,28.63,28.27,28.26,28.35,28.42,28.39,28.36,28.23,28.2,28.16,28.14,28.04,28.02,28.0,27.99,27.99,27.89,27.9,27.91,27.81,27.74,27.83,27.87,27.91,27.94,28.07,28.25,28.25,28.24,28.22,28.2,28.26,28.22,28.06,28.02,28.07,28.12,28.1,27.95,27.75,27.63,27.6,27.67,27.55,,,,
,,,,,,,,,,,,,,28.1,28.06,28.01,27.97,27.93,27.91,27.89,27.99,28.01,28.04,28.08,28.12,28.18,28.27,28.32,28.37,28.41,28.45,28.48,28.51,28.52,28.59,28.61,28.62,28.32,28.15,28.14,28.23,28.31,28.29,28.27,28.24,28.16,27.93,27.9,27.89,27.87,27.97,27.96,27.97,27.97,27.98,27.9,28.01,28.04,28.08,28.11,28.2,28.22,28.22,28.22,28.21,28.28,28.25,28.21,28.16,28.09,28.15,28.1,28.04,28.08,27.97,27.67,27.53,27.5,27.66,27.53,,,,
,,,,,,,,,,,,,,28.1,28.02,27.98,27.94,28.0,27.98,27.97,27.96,27.97,27.99,28.12,28.15,28.19,28.23,28.28,28.37,28.41,28.44,28.47,28.49,28.55,28.58,28.59,28.51,28.32,28.22,28.14,28.14,28.13,28.22,28.2,28.22,28.2,28.11,28.09,27.98,27.97,27.86,27.96,27.94,27.85,27.86,27.98,28.0,28.15,28.23,28.26,28.27,28.28,28.29,28.18,28.17,28.24,28.21,28.26,28.21,28.15,28.18,28.12,28.06,28.03,27.98,27.74,27.6,27.4,27.45,27.61,27.57,,,
,,,,,,,,,,,,,,28.06,28.02,28.09,28.06,28.03,27.96,27.94,28.03,28.03,28.05,28.06,28.09,28.12,28.15,28.28,28.32,28.35,28.44,28.46,28.48,28.55,28.57,28.59,28.4,28.32,28.33,28.33,28.23,28.12,28.08,28.19,28.17,28.25,28.14,28.13,28.12,28.11,28.11,28.12,28.01,27.93,28.06,28.0,28.01,28.09,28.11,28.23,28.35,28.36,28.36,28.15,28.13,28.2,28.26,28.22,28.16,28.19,28.21,28.15,28.08,28.05,27.9,27.74,27.6,27.55,27.43,27.48,27.43,,,
,,,,,,,,,,,,,,28.13,28.09,28.06,28.02,28.1,28.08,28.02,28.0,28.0,28.1,28.11,28.12,28.14,28.17,28.19,28.22,28.25,28.27,28.4,28.47,28.5,28.58,28.59,28.51,28.33,28.28,28.29,28.19,28.1,28.09,28.18,28.26,28.25,28.14,28.03,28.03,28.04,28.15,28.26,28.29,28.21,28.24,28.08,28.04,28.07,28.18,28.29,28.31,28.32,28.22,28.22,28.3,28.36,28.22,28.17,28.21,28.14,28.07,27.98,28.03,28.08,27.91,27.75,27.7,27.64,27.47,27.35,27.29,,,
,,,,,,,,,,,,,,,,,28.09,28.06,28.04,28.12,28.1,28.06,28.05,28.05,28.16,28.17,28.19,28.21,28.23,28.25,28.27,28.29,28.36,28.39,28.51,28.43,28.35,28.26,28.18,28.22,28.22,28.12,28.02,28.01,28.2,28.2,28.19,28.19,27.99,28.0,27.91,28.03,28.05,28.08,28.22,28.38,28.4,28.43,28.35,28.36,28.37,28.38,28.18,28.17,28.35,28.32,28.18,28.22,28.16,28.09,28.11,28.12,28.07,28.0,27.94,27.77,27.5,27.33,27.36,27.29,27.15,,,
,,,,,,,,,,,,,,,,,,28.13,28.1,28.08,28.06,28.05,28.1,28.09,28.09,28.1,28.11,28.22,28.24,28.25,28.27,28.33,28.36,28.38,28.4,28.42,28.15,28.16,28.21,28.22,28.13,28.13,28.04,28.04,28.04,28.04,28.04,28.04,28.05,28.06,27.97,28.1,28.02,28.05,28.18,28.33,28.36,28.38,28.39,28.41,28.42,28.33,28.33,28.33,28.31,28.28,28.34,28.39,28.32,28.34,28.36,28.27,28.11,27.84,27.96,27.79,27.61,27.53,27.35,27.27,27.05,,,
,,,,,,,,,,,,,,,,,28.14,28.1,28.17,28.14,28.12,28.1,28.08,28.03,28.12,28.12,28.13,28.14,28.15,28.3,28.31,28.34,28.36,28.38,28.4,28.42,28.14,28.18,28.2,28.22,28.24,28.25,28.25,28.26,28.17,28.08,28.08,28.09,28.1,28.01,28.03,28.15,28.08,28.1,28.15,28.28,28.2,28.32,28.23,28.35,28.36,28.27,28.27,28.27,28.26,28.34,28.4,28.45,28.48,28.4,28.31,28.22,27.95,27.88,27.79,27.71,27.72,27.54,27.25,27.17,27.09,,,
,,,,,,,,,,,,,,,,28.14,28.2,28.17,28.13,28.1,28.17,28.15,28.12,28.1,28.05,28.15,28.16,28.16,28.2,28.21,28.32,28.34,28.36,28.38,28.4,28.42,28.14,28.18,28.19,28.32,28.44,28.45,28.47,28.48,28.3,28.31,28.32,28.23,28.14,28.16,28.18,28.1,27.92,27.95,28.09,28.21,28.23,28.25,28.26,28.27,28.38,28.29,28.3,28.3,28.3,28.39,28.46,28.51,28.44,28.35,28.36,28.16,28.0,27.9,27.82,27.63,27.64,27.55,27.46,27.18,27.0,,,
,,,,,,,,,,,,,,,,,,28.12,28.19,28.15,28.12,28.1,28.18,28.16,28.12,28.09,28.21,28.21,28.21,28.22,28.33,28.34,28.36,28.38,28.39,28.41,28.36,28.37,28.39,28.22,28.24,28.26,28.18,28.3,28.42,28.44,28.25,28.16,28.18,28.2,28.12,28.04,27.96,28.0,28.02,28.04,28.05,28.07,28.08,28.29,28.3,28.31,28.33,28.43,28.54,28.54,28.52,28.47,28.39,28.31,28.21,28.1,27.93,27.84,27.74,27.75,27.66,27.46,27.38,27.19,26.91,,,
,,,,,,,,,,,,,,,,,,28.22,28.18,28.14,28.2,28.17,28.14,28.22,28.2,28.15,28.14,28.23,28.23,28.23,28.24,28.25,28.36,28.37,28.39,28.41,28.15,28.16,28.18,28.21,28.23,28.26,28.08,28.11,28.23,28.35,28.37,28.39,28.21,28.23,28.15,27.97,28.09,28.02,28.03,28.15,28.16,28.08,28.09,28.3,28.22,28.23,28.33,28.35,28.46,28.47,28.48,28.52,28.44,28.45,28.25,27.94,27.94,27.87,27.77,27.77,27.67,27.48,27.28,27.3,27.13,26.8,,
,,,,,,,,,,,,,,,,,,,28.23,28.28,28.24,28.2,28.17,28.15,28.22,28.18,28.16,28.15,28.25,28.24,28.25,28.25,28.36,28.37,28.38,28.42,28.34,28.15,28.17,28.2,28.23,28.15,28.08,28.11,28.13,28.16,28.19,28.21,28.33,28.25,28.27,28.29,28.2,28.23,28.24,28.25,28.27,28.08,28.29,28.31,28.32,28.23,28.14,28.25,28.37,28.38,28.39,28.48,28.48,28.38,28.18,27.98,27.87,27.89,27.78,27.69,27.59,27.29,27.3,27.22,27.15,26.95,,
,,,,,,,,,,,,,,,,,,,,,28.17,28.13,28.2,28.17,28.15,28.2,28.18,28.17,28.16,28.25,28.25,28.25,28.26,28.36,28.38,28.41,28.33,28.34,28.36,28.19,28.21,28.24,28.27,28.1,28.13,28.16,28.19,28.22,28.14,28.17,28.18,28.2,28.21,28.13,28.24,28.15,28.06,28.18,28.29,28.3,28.21,28.22,28.03,28.04,28.15,28.26,28.36,28.44,28.48,28.39,28.09,27.89,27.9,27.89,27.7,27.7,27.4,27.31,27.12,27.24,26.99,26.88,,
,,,,,,,,,,,,,,,,,,,,,28.2,,28.23,28.2,28.17,28.12,28.2,28.18,28.17,28.26,28.25,28.25,28.23,28.24,28.35,28.38,28.29,28.2,28.23,28.25,28.28,28.2,28.23,28.18,28.11,28.24,28.17,28.11,28.14,28.07,28.08,28.09,28.0,28.01,28.03,28.04,28.15,28.16,28.27,28.28,28.29,28.2,28.11,28.02,28.02,28.23,28.32,28.39,28.34,28.27,27.98,27.79,27.81,27.81,27.7,27.71,27.42,27.13,27.04,27.07,27.02,26.89,,
,,,,,,,,,,,,,,,,,,,,,,,,28.22,28.19,28.14,28.21,28.19,28.18,28.16,28.23,28.23,28.23,28.23,28.24,28.27,28.08,28.1,28.11,28.13,28.16,28.28,28.31,28.34,28.27,28.3,28.15,28.18,28.11,27.94,27.96,27.97,27.98,27.99,28.11,28.12,28.13,28.14,28.25,28.26,28.26,28.17,28.17,28.08,27.98,28.18,28.26,28.23,28.29,28.12,27.95,27.87,27.8,27.8,27.8,27.7,27.42,27.13,27.05,26.99,27.04,26.92,,
,,,,,,,,,,,,,,,,,,,,,,,,,28.21,28.15,28.12,28.2,28.18,28.14,28.23,28.23,28.22,28.23,28.23,28.06,28.06,28.08,28.09,28.01,28.14,28.16,28.19,28.32,28.35,28.37,28.2,28.15,28.07,28.1,28.12,27.93,27.84,28.05,28.08,28.19,28.09,28.2,28.21,28.22,28.13,28.13,28.03,27.83,27.83,28.12,28.1,28.07,28.12,27.97,27.9,27.82,27.73,27.75,27.68,27.6,27.51,27.13,27.06,27.01,26.88,26.73,,
,,,,,,,,,,,,,,,,,,,,,,,,,28.18,28.15,28.12,28.2,28.16,28.14,28.13,28.21,28.22,28.21,27.91,27.94,27.95,27.96,28.07,27.99,28.01,28.04,27.96,28.09,28.22,28.34,28.37,28.29,28.14,28.06,28.07,27.99,28.0,28.01,28.02,28.15,28.25,28.16,28.07,28.08,28.08,28.08,27.98,27.77,27.76,27.95,27.92,27.89,27.95,27.9,27.84,27.76,27.68,27.62,27.65,27.59,27.51,27.4,27.34,26.93,26.88,26.73,,
,,,,,,,,,,,,,,,,,,,,,,,,,28.18,28.15,28.12,28.08,28.15,28.14,28.12,28.22,28.2,28.0,27.9,27.8,27.92,27.93,27.94,27.96,27.98,28.0,27.83,27.86,27.89,28.01,28.14,28.26,28.28,28.21,28.13,28.14,28.25,28.26,28.27,28.2,28.11,27.91,27.92,27.92,27.92,27.92,27.92,27.9,27.69,27.67,27.65,27.72,27.77,27.72,27.76,27.7,27.52,27.57,27.61,27.55,27.36,27.3,27.34,27.0,26.88,26.84,,
,,,,,,,,,,,,,,,,,,,,,,,,,,28.15,28.1,28.08,28.05,28.13,28.11,28.1,28.1,27.88,27.87,27.86,27.9,28.0,28.01,28.03,28.05,27.97,27.9,27.83,27.85,27.88,27.9,28.02,27.94,28.15,28.08,28.09,28.1,28.11,27.92,27.83,27.85,27.76,27.76,27.86,27.86,27.86,27.84,27.83,27.71,27.59,27.26,27.53,27.49,27.65,27.59,27.53,27.46,27.4,27.45,27.4,27.35,27.2,27.14,26.99,26.74,26.81,26.69,
,,,,,,,,,,,,,,,,,,,,,,,,,28.07,28.12,28.1,28.08,28.05,28.13,28.11,28.1,28.09,28.06,27.95,27.85,27.84,27.97,27.98,28.0,28.02,27.94,27.87,27.8,27.82,27.64,27.76,27.68,27.69,27.8,27.81,27.84,27.75,27.85,27.76,27.77,27.78,27.68,27.61,27.6,27.69,27.69,27.66,27.55,27.53,27.41,27.18,27.15,27.21,27.46,27.51,27.45,27.3,27.25,27.3,27.26,27.24,27.16,27.11,26.97,26.74,26.71,26.89,
,,,,,,,,,,,,,,,,,,,,,,,,,28.06,28.01,28.09,28.07,28.05,28.02,28.1,28.1,28.08,27.94,27.92,27.91,27.91,27.92,27.95,27.97,27.89,27.91,27.94,27.87,27.79,27.61,27.63,27.54,27.55,27.66,27.76,27.69,27.69,27.68,27.68,27.69,27.52,27.42,27.42,27.45,27.44,27.51,27.39,27.37,27.35,27.12,27.09,27.06,27.02,27.18,27.33,27.28,27.13,27.09,27.24,27.2,27.07,27.02,26.87,26.84,26.82,26.79,26.88,
,,,,,,,,,,,,,,,,,,,,,,,,,,28.01,28.08,28.06,28.04,28.01,28.11,28.08,28.06,27.92,27.91,27.79,27.88,27.98,28.0,27.84,27.87,27.89,27.81,27.74,27.76,27.68,27.6,27.51,27.51,27.42,27.41,27.41,27.63,27.63,27.63,27.53,27.53,27.33,27.33,27.32,27.29,27.32,27.29,27.27,27.16,27.04,27.01,26.97,27.04,27.07,27.03,26.99,26.94,27.04,26.91,26.96,26.81,26.76,26.72,26.69,26.69,26.77,26.76,
,,,,,,,,,,,,,,,,,,,,,,,,,,28.0,27.98,27.96,28.04,28.02,28.0,27.98,28.05,28.01,27.89,27.86,27.85,27.85,27.87,27.89,27.82,27.87,27.89,27.72,27.64,27.65,27.67,27.58,27.47,27.47,27.37,27.37,27.38,27.48,27.38,27.38,27.47,27.47,27.34,27.32,27.41,27.3,27.17,27.2,27.17,27.12,26.8,26.97,27.03,27.0,26.97,26.86,26.79,26.84,26.79,26.76,26.61,26.69,26.55,26.52,26.51,26.62,26.72,
,,,,,,,,,,,,,,,,,,,,,,,,,,,27.98,27.97,28.05,28.03,28.01,27.98,27.96,28.01,27.89,27.86,27.84,27.73,27.74,27.77,27.9,27.73,27.76,27.8,27.82,27.74,27.65,27.54,27.35,27.35,27.24,27.14,27.15,27.24,27.23,27.23,27.32,27.18,27.26,27.14,27.03,27.01,27.0,26.85,26.93,26.9,26.87,26.65,26.91,26.85,26.81,26.76,26.72,26.78,26.64,26.69,26.44,26.62,26.6,26.49,26.48,26.5,26.5,
,,,,,,,,,,,,,,,,,,,,,,,,,,,,27.98,27.96,27.94,28.02,27.99,27.97,27.73,27.81,27.88,27.85,27.73,27.65,27.78,27.81,27.84,27.76,27.78,27.72,27.62,27.52,27.43,27.33,27.32,27.22,27.21,27.21,27.2,26.99,27.16,27.04,27.02,27.0,26.98,26.96,26.84,26.8,26.89,26.86,26.84,26.81,26.68,26.81,26.78,26.65,26.7,26.75,26.72,26.58,26.64,26.4,26.58,26.57,26.55,26.44,26.45,26.45,
,,,,,,,,,,,,,,,,,,,,,,,,,,,,,,27.95,27.93,27.91,27.98,27.96,27.74,27.82,27.81,27.7,27.71,27.72,27.74,27.76,27.78,27.79,27.6,27.6,27.5,27.41,27.41,27.41,27.28,27.26,27.16,26.95,26.83,26.91,26.89,26.88,26.75,26.73,26.71,26.67,26.76,26.83,26.81,26.78,26.75,26.7,26.66,26.62,26.69,26.65,26.7,26.65,26.52,26.5,26.45,26.54,26.54,26.52,26.41,26.51,26.42,26.73
,,,,,,,,,,,,,,,,,,,,,,,,,,,,,,,,,27.91,27.89,27.78,27.77,27.76,27.76,27.66,27.57,27.68,27.69,27.6,27.7,27.5,27.5,27.49,27.39,27.38,27.37,27.16,27.04,26.93,26.81,26.8,26.88,26.86,26.94,26.91,26.89,26.65,26.63,26.62,26.79,26.76,26.74,26.69,26.65,26.51,26.57,26.64,26.69,26.76,26.61,26.47,26.35,26.32,26.41,26.5,26.5,26.49,26.48,26.49,
,,,,,,,,,,,,,,,,,,,,,,,,,,,,,,,,,27.94,27.93,27.92,27.72,27.72,27.72,27.72,27.62,27.62,27.62,27.52,27.52,27.61,27.5,27.49,27.38,27.37,27.26,27.14,27.03,27.0,26.99,26.97,26.95,26.93,26.91,26.79,26.65,26.62,26.51,26.49,26.66,26.73,26.7,26.65,26.61,26.58,26.53,26.7,26.76,26.61,26.47,26.44,26.41,26.39,26.37,26.27,26.47,26.47,26.46,,
,,,,,,,,,,,,,,,,,,,,,,,,,,,,,,,,27.87,27.97,27.96,27.97,27.77,27.77,27.77,27.67,27.57,27.56,27.56,27.55,27.43,27.52,27.41,27.39,27.38,27.27,27.25,27.13,27.02,27.09,27.07,26.94,27.02,27.0,26.78,26.65,26.53,26.51,26.49,26.56,26.64,26.7,26.77,26.62,26.58,26.55,26.7,26.66,26.52,26.37,26.44,26.4,26.38,26.46,26.45,26.24,26.23,26.43,,,
